gamma,predicted_perf
4.052466242538704,-3.6769109379067935
12.243357319516049,-2.617721945502197
20.472015927688684,-1.6380647525584315
28.66384768464199,-0.9235193993646664
36.82520902997146,-0.2601357372871256
45.02856820125499,0.27010540797661875
53.53897037541173,0.8222179709983841
63.08920984769597,1.5096126551967028
75.96334541813881,2.321439691943773
109.95110966620116,4.083505037293171
